cell_type,gene,role,use_as_normal_reference,use_for_labels,validation
T/NK,CD3D,primary,TRUE,FALSE,orthology_conversion
T/NK,CD3E,primary,TRUE,FALSE,orthology_conversion
T/NK,CD3G,primary,TRUE,FALSE,orthology_conversion
T/NK,CD2,primary,TRUE,FALSE,orthology_conversion
T/NK,LCK,primary,TRUE,FALSE,orthology_conversion
T/NK,ITK,primary,TRUE,FALSE,orthology_conversion
T/NK,THEMIS,primary,TRUE,FALSE,orthology_conversion
T/NK,SKAP1,primary,TRUE,FALSE,orthology_conversion
T/NK,CD247,primary,TRUE,FALSE,orthology_conversion
T/NK,IL7R,primary,TRUE,FALSE,orthology_conversion
T/NK,CD28,primary,TRUE,FALSE,orthology_conversion
T/NK,GZMA,primary,TRUE,FALSE,orthology_conversion
T/NK,GZMB,primary,TRUE,FALSE,orthology_conversion
T/NK,NKG7,primary,TRUE,FALSE,orthology_conversion
T/NK,GNLY,primary,TRUE,FALSE,orthology_conversion
T/NK,KLRD1,primary,TRUE,FALSE,orthology_conversion
T/NK,PRF1,primary,TRUE,FALSE,orthology_conversion
T/NK,EOMES,primary,TRUE,FALSE,orthology_conversion
B,CD79A,primary,TRUE,FALSE,orthology_conversion
B,CD79B,primary,TRUE,FALSE,orthology_conversion
B,MS4A1,primary,TRUE,FALSE,orthology_conversion
B,CD19,primary,TRUE,FALSE,orthology_conversion
B,PAX5,primary,TRUE,FALSE,orthology_conversion
B,BANK1,primary,TRUE,FALSE,orthology_conversion
B,EBF1,primary,TRUE,FALSE,orthology_conversion
B,BLK,primary,TRUE,FALSE,orthology_conversion
B,CD22,primary,TRUE,FALSE,orthology_conversion
B,FCRL1,primary,TRUE,FALSE,orthology_conversion
Plasma,JCHAIN,primary,TRUE,FALSE,orthology_conversion
Plasma,MZB1,primary,TRUE,FALSE,orthology_conversion
Plasma,XBP1,primary,TRUE,FALSE,orthology_conversion
Plasma,DERL3,primary,TRUE,FALSE,orthology_conversion
Plasma,PRDM1,primary,TRUE,FALSE,orthology_conversion
Plasma,TNFRSF17,primary,TRUE,FALSE,orthology_conversion
Plasma,SDC1,primary,TRUE,FALSE,orthology_conversion
Myeloid,CD68,primary,TRUE,FALSE,orthology_conversion
Myeloid,CSF1R,primary,TRUE,FALSE,orthology_conversion
Myeloid,MRC1,primary,TRUE,FALSE,orthology_conversion
Myeloid,CD163,primary,TRUE,FALSE,orthology_conversion
Myeloid,C1QA,primary,TRUE,FALSE,orthology_conversion
Myeloid,C1QB,primary,TRUE,FALSE,orthology_conversion
Myeloid,C1QC,primary,TRUE,FALSE,orthology_conversion
Myeloid,MSR1,primary,TRUE,FALSE,orthology_conversion
Myeloid,AIF1,primary,TRUE,FALSE,orthology_conversion
Myeloid,TYROBP,primary,TRUE,FALSE,orthology_conversion
Myeloid,LYZ,primary,TRUE,FALSE,orthology_conversion
Myeloid,CD14,primary,TRUE,FALSE,orthology_conversion
Myeloid,ITGAM,primary,TRUE,FALSE,orthology_conversion
Myeloid,FCGR3A,primary,TRUE,FALSE,orthology_conversion
Myeloid,MARCO,primary,TRUE,FALSE,orthology_conversion
Myeloid,VSIG4,primary,TRUE,FALSE,orthology_conversion
Myeloid,FCER1G,primary,TRUE,FALSE,orthology_conversion
Myeloid,MNDA,primary,TRUE,FALSE,orthology_conversion
Myeloid,IRF8,primary,TRUE,FALSE,orthology_conversion
Myeloid,ZBTB46,primary,TRUE,FALSE,orthology_conversion
Myeloid,BATF3,primary,TRUE,FALSE,orthology_conversion
Myeloid,FLT3,primary,TRUE,FALSE,orthology_conversion
Myeloid,S100A8,primary,TRUE,FALSE,orthology_conversion
Myeloid,S100A9,primary,TRUE,FALSE,orthology_conversion
Myeloid,MMP9,primary,TRUE,FALSE,orthology_conversion
Myeloid,CSF3R,primary,TRUE,FALSE,orthology_conversion
Macrophage,CD68,primary,TRUE,TRUE,depth_matched_case1_dog
Macrophage,AIF1,primary,TRUE,TRUE,depth_matched_case1_dog
Macrophage,TYROBP,primary,TRUE,TRUE,depth_matched_case1_dog
Macrophage,CD14,primary,TRUE,TRUE,depth_matched_case1_dog
Macrophage,FCER1G,primary,TRUE,TRUE,depth_matched_case1_dog
Macrophage,LYZ,primary,TRUE,TRUE,depth_matched_case1_dog
Macrophage,C1QA,primary,TRUE,TRUE,depth_matched_case1_dog
Macrophage,C1QB,primary,TRUE,TRUE,depth_matched_case1_dog
Macrophage,C1QC,primary,TRUE,TRUE,depth_matched_case1_dog
Macrophage,CTSS,primary,TRUE,TRUE,depth_matched_case1_dog
Mast,KIT,primary,TRUE,FALSE,orthology_conversion
Mast,CPA3,primary,TRUE,FALSE,orthology_conversion
Mast,MS4A2,primary,TRUE,FALSE,orthology_conversion
Mast,TPSAB1,primary,TRUE,FALSE,orthology_conversion
Mast,CMA1,primary,TRUE,FALSE,orthology_conversion
Mast,GATA2,primary,TRUE,FALSE,orthology_conversion
Mast,HDC,primary,TRUE,FALSE,orthology_conversion
Endothelial,PECAM1,primary,TRUE,TRUE,depth_matched_case1_dog
Endothelial,CDH5,primary,TRUE,TRUE,depth_matched_case1_dog
Endothelial,VWF,primary,TRUE,TRUE,depth_matched_case1_dog
Endothelial,KDR,primary,TRUE,TRUE,depth_matched_case1_dog
Endothelial,CLDN5,primary,TRUE,TRUE,depth_matched_case1_dog
Endothelial,EGFL7,primary,TRUE,TRUE,depth_matched_case1_dog
Endothelial,TEK,primary,TRUE,TRUE,depth_matched_case1_dog
Endothelial,ERG,primary,TRUE,TRUE,depth_matched_case1_dog
Endothelial,FLT1,primary,TRUE,TRUE,depth_matched_case1_dog
Endothelial,ESAM,primary,TRUE,TRUE,depth_matched_case1_dog
Endothelial,RAMP2,primary,TRUE,TRUE,depth_matched_case1_dog
Endothelial,PLVAP,primary,TRUE,TRUE,depth_matched_case1_dog
Fibroblast,COL1A1,primary,FALSE,TRUE,depth_matched_case1_dog
Fibroblast,COL1A2,primary,FALSE,TRUE,depth_matched_case1_dog
Fibroblast,COL3A1,primary,FALSE,TRUE,depth_matched_case1_dog
Fibroblast,COL5A1,primary,FALSE,TRUE,depth_matched_case1_dog
Fibroblast,COL6A1,primary,FALSE,TRUE,depth_matched_case1_dog
Fibroblast,DCN,primary,FALSE,TRUE,depth_matched_case1_dog
Fibroblast,LUM,primary,FALSE,TRUE,depth_matched_case1_dog
Fibroblast,FBN1,primary,FALSE,TRUE,depth_matched_case1_dog
Fibroblast,POSTN,primary,FALSE,TRUE,depth_matched_case1_dog
Fibroblast,SPARC,primary,FALSE,TRUE,depth_matched_case1_dog
Fibroblast,THY1,primary,FALSE,TRUE,depth_matched_case1_dog
Fibroblast,FAP,primary,FALSE,TRUE,depth_matched_case1_dog
Fibroblast,PDGFRB,primary,FALSE,TRUE,depth_matched_case1_dog
SmoothMuscle,ACTA2,primary,TRUE,FALSE,orthology_conversion
SmoothMuscle,TAGLN,primary,TRUE,FALSE,orthology_conversion
SmoothMuscle,MYH11,primary,TRUE,FALSE,orthology_conversion
SmoothMuscle,RGS5,primary,TRUE,FALSE,orthology_conversion
SmoothMuscle,NOTCH3,primary,TRUE,FALSE,orthology_conversion
SmoothMuscle,CNN1,primary,TRUE,FALSE,orthology_conversion
SmoothMuscle,DES,primary,TRUE,FALSE,orthology_conversion
Epithelial,EPCAM,primary,FALSE,TRUE,depth_matched_case1_dog
Epithelial,KRT8,primary,FALSE,TRUE,depth_matched_case1_dog
Epithelial,KRT18,primary,FALSE,TRUE,depth_matched_case1_dog
Epithelial,KRT19,primary,FALSE,TRUE,depth_matched_case1_dog
Epithelial,KRT7,primary,FALSE,TRUE,depth_matched_case1_dog
Epithelial,CDH1,primary,FALSE,TRUE,depth_matched_case1_dog
Epithelial,SFN,primary,FALSE,TRUE,depth_matched_case1_dog
Epithelial,KRT5,primary,FALSE,TRUE,depth_matched_case1_dog
Epithelial,KRT14,primary,FALSE,TRUE,depth_matched_case1_dog
Epithelial,CLDN4,primary,FALSE,TRUE,depth_matched_case1_dog
Leukocyte,PTPRC,fallback,TRUE,FALSE,orthology_conversion
Leukocyte,LAPTM5,fallback,TRUE,FALSE,orthology_conversion
Leukocyte,CORO1A,fallback,TRUE,FALSE,orthology_conversion
Leukocyte,CD52,fallback,TRUE,FALSE,orthology_conversion
Leukocyte,SRGN,fallback,TRUE,FALSE,orthology_conversion
