比較(対象 ← 参照),20Mb窓の標準偏差,10Mb窓,偏りの絶対値>0.3の窓の割合(20Mb),窓数,遺伝子単位のSD
同一サンプル内・同じ細胞型(半分ずつ),0.08750859928403464,0.09878402317041102,0.0,99,0.33964073106764
同一サンプル内・同じ細胞型(Case23 Myeloid半分ずつ),0.060338866812448676,0.08392109334397369,0.0,99,0.3411823183243354
同一サンプル内・同じ細胞型(Case23 Other半分ずつ),0.07754497096471692,0.08126964185566898,0.0,99,0.24217476620964562
"別サンプル・同じ細胞型(Case23 Myeloid ← Case1 Myeloid, 細胞数そろえ)",0.6434637110978357,0.7196662371585032,0.6161616161616161,99,1.3089613434150504
別サンプル・同じ細胞型(Case1 Myeloid ← Case23 Myeloid),0.6434637110978357,0.7196662371585032,0.6161616161616161,99,1.3089613434150504
同一サンプル・別細胞型(Case23 Other ← Case23 Myeloid),0.14748591235166109,0.17407893941047672,0.020202020202020204,99,0.502712244755945
別サンプル・別細胞型(Case23 Other ← Case1 Myeloid),0.593683648448282,0.6969950776689627,0.6363636363636364,99,1.3567009878495664
共通モデル(Case1 Myeloid ← イヌPBMC),0.4317554407117435,0.534280167515678,0.48484848484848486,99,1.5077066996714672
共通モデル(Case23 Myeloid ← イヌPBMC),0.4338388182569314,0.5012501967641285,0.494949494949495,99,1.5722854821967462
共通モデル(Case23 Other ← イヌPBMC),0.3702245574934445,0.4975834515537008,0.40404040404040403,99,1.4108414923252313
