profile,W,scheme,r,auc_g,auc_l,tpr_g,tpr_l,cover,nb,span_cv
A0,10,"位置基準(Mb固定, ≥3遺伝子)",0.5024355287004005,0.8084397222867891,0.7871992528680809,0.28923510265881536,0.3216598679297994,0.9992015512718146,298.0,0.3094384271930935
A0,10,遺伝子数基準(遺伝子数固定),0.4891949668908079,0.7877027148926888,0.7926922730266258,0.28787205730164733,0.42661213373176443,1.0,305.0,0.8136465771620455
A0,10,位置+遺伝子数(Mb固定 かつ ≥50%遺伝子),0.5327919588379997,0.8171674941434577,0.8237362836600126,0.32473991245921074,0.3339458635336295,0.9135394091479411,219.0,0.24087780189998848
A0,20,"位置基準(Mb固定, ≥3遺伝子)",0.5389925040416739,0.8498411622636659,0.7875377112047384,0.33590422720857505,0.34498756867087926,0.9997718717919469,159.0,0.30433670441737504
A0,20,遺伝子数基準(遺伝子数固定),0.490909316500165,0.805409554978768,0.7736437910469373,0.31361864256601096,0.4908345622631337,1.0,161.0,0.7491114437917157
A0,20,位置+遺伝子数(Mb固定 かつ ≥50%遺伝子),0.554807789360363,0.8556236419982274,0.7966147753046867,0.3872859025032938,0.46702252944188427,0.9274552298391696,124.0,0.2105438815123232
A0,40,"位置基準(Mb固定, ≥3遺伝子)",0.559631225763796,0.8368109049882305,0.823730584538354,0.3187310459414118,0.47188156727221786,1.0,88.0,0.35157916606530554
A0,40,遺伝子数基準(遺伝子数固定),0.5207329302413822,0.8249705749898273,0.8125366204189515,0.34583005822843227,0.587719298245614,1.0,87.0,0.7076369740789146
A0,40,位置+遺伝子数(Mb固定 かつ ≥50%遺伝子),0.5611072901555275,0.8265390197121606,0.8743768476683087,0.2816770186335404,0.636025641025641,0.9062393064902474,66.0,0.23080011515385232
A-共変量補正,10,"位置基準(Mb固定, ≥3遺伝子)",0.5854429627800637,0.8546537663465282,0.8298343511676385,0.35871105772763945,0.45542394795609864,0.9992015512718146,298.0,0.3094384271930935
A-共変量補正,10,遺伝子数基準(遺伝子数固定),0.6152258324133432,0.8543737128071676,0.8590685517345931,0.3948784166252972,0.5329392934343109,1.0,305.0,0.8136465771620455
A-共変量補正,10,位置+遺伝子数(Mb固定 かつ ≥50%遺伝子),0.6357203412558461,0.8680609861598796,0.8622975042401462,0.4012749109240337,0.5289204368326709,0.9135394091479411,219.0,0.24087780189998848
A-共変量補正,20,"位置基準(Mb固定, ≥3遺伝子)",0.6237409518618016,0.892001355396837,0.840714027415423,0.5168234228016837,0.43781322606562006,0.9997718717919469,159.0,0.30433670441737504
A-共変量補正,20,遺伝子数基準(遺伝子数固定),0.6304468244339969,0.8771564774854095,0.8561033501354497,0.46266034160771,0.5131043559614988,1.0,161.0,0.7491114437917157
A-共変量補正,20,位置+遺伝子数(Mb固定 かつ ≥50%遺伝子),0.6917393189233731,0.9069888752953208,0.8800127827968115,0.610242870387798,0.6089375320020481,0.9274552298391696,124.0,0.2105438815123232
A-共変量補正,40,"位置基準(Mb固定, ≥3遺伝子)",0.6654657895123879,0.9054120551653658,0.8872260510193547,0.48686564395405857,0.5872927660766825,1.0,88.0,0.35157916606530554
A-共変量補正,40,遺伝子数基準(遺伝子数固定),0.6489610128549317,0.9213630617281885,0.8682771912632307,0.5297550612591263,0.6475424672793094,1.0,87.0,0.7076369740789146
A-共変量補正,40,位置+遺伝子数(Mb固定 かつ ≥50%遺伝子),0.6971817503444405,0.9185018725855038,0.9293351679921671,0.566752933057281,0.708525641025641,0.9062393064902474,66.0,0.23080011515385232
B,10,"位置基準(Mb固定, ≥3遺伝子)",0.6433432474416181,0.8611700871643863,0.873027884954855,0.43695351725448756,0.5179538577884133,0.9992015512718146,298.0,0.3094384271930935
B,10,遺伝子数基準(遺伝子数固定),0.6739467719372613,0.8642435877241151,0.9007153224368314,0.4613350899447156,0.6211247782356715,1.0,305.0,0.8136465771620455
B,10,位置+遺伝子数(Mb固定 かつ ≥50%遺伝子),0.6828110257322884,0.8732183658854803,0.8966314615007798,0.4790267156495227,0.5970326585353182,0.9135394091479411,219.0,0.24087780189998848
B,20,"位置基準(Mb固定, ≥3遺伝子)",0.6572901737908504,0.8680806683618844,0.8748579735314327,0.45270400169468494,0.536280966895122,0.9997718717919469,159.0,0.30433670441737504
B,20,遺伝子数基準(遺伝子数固定),0.6730440906526661,0.859174650754409,0.899030144190227,0.4037892825173527,0.6198357198357198,1.0,161.0,0.7491114437917157
B,20,位置+遺伝子数(Mb固定 かつ ≥50%遺伝子),0.6828506271373788,0.8686983128681935,0.9015765951807501,0.47286948156513375,0.620942140296979,0.9274552298391696,124.0,0.2105438815123232
B,40,"位置基準(Mb固定, ≥3遺伝子)",0.6691708066692162,0.8659860340288859,0.912257264320819,0.5289327655181314,0.5663989165460234,1.0,88.0,0.35157916606530554
B,40,遺伝子数基準(遺伝子数固定),0.6909181883295964,0.8890161770848964,0.9217402799769111,0.5206038315794412,0.67015455304929,1.0,87.0,0.7076369740789146
B,40,位置+遺伝子数(Mb固定 かつ ≥50%遺伝子),0.6856144588972501,0.8685187458957647,0.9331652890525295,0.467348171152519,0.6482051282051283,0.9062393064902474,66.0,0.23080011515385232
