sample,cluster,n_cells,label,top,top_score,second,margin,top_is_known_normal
HGC-27_1,0,383,Fibroblast,Fibroblast,0.24,Epithelial,0.241,False
HGC-27_1,1,182,Other,Epithelial,-0.0,T/NK,0.001,False
HGC-27_1,2,190,Other,Fibroblast,0.023,Epithelial,0.023,False
HGC-27_1,3,183,Other,Macrophage,-0.0,Epithelial,0.0,True
HGC-27_1,4,477,Other,Epithelial,0.001,Macrophage,0.001,False
HGC-27_1,5,96,Fibroblast,Fibroblast,0.421,SmoothMuscle,0.405,False
HGC-27_1,6,186,Other,Epithelial,-0.0,T/NK,0.001,False
HGC-27_2,0,325,Fibroblast,Fibroblast,0.292,SmoothMuscle,0.278,False
HGC-27_2,1,180,Other,Macrophage,0.003,Epithelial,0.002,True
HGC-27_2,2,420,Other,Epithelial,0.001,Macrophage,0.003,False
HGC-27_2,3,85,Fibroblast,Fibroblast,0.572,SmoothMuscle,0.553,False
HGC-27_2,4,194,Other,Fibroblast,0.021,Epithelial,0.024,False
HGC-27_2,5,243,Other,Epithelial,-0.001,T/NK,0.002,False
HGC-27_2,6,181,Fibroblast,Fibroblast,0.058,Epithelial,0.062,False
KATOIII,0,256,Epithelial,Epithelial,0.863,Macrophage,0.551,False
KATOIII,1,343,Epithelial,Epithelial,0.798,Plasma,0.625,False
KATOIII,2,517,Epithelial,Epithelial,0.981,Plasma,0.787,False
KATOIII,3,564,Epithelial,Epithelial,0.94,Plasma,0.781,False
KATOIII,4,458,Epithelial,Epithelial,0.806,Plasma,0.632,False
KATOIII,5,604,Epithelial,Epithelial,0.845,Plasma,0.697,False
KATOIII,6,240,Epithelial,Epithelial,0.918,Plasma,0.777,False
KATOIII,7,19,Epithelial,Epithelial,0.859,Plasma,0.622,False
MKN-45,0,1025,Epithelial,Epithelial,0.447,Plasma,0.434,False
MKN-45,1,756,Epithelial,Epithelial,0.286,Plasma,0.273,False
MKN-45,2,563,Epithelial,Epithelial,0.259,Plasma,0.237,False
MKN-45,3,254,Epithelial,Epithelial,0.304,Mast,0.265,False
NCI-N87,0,387,Epithelial,Epithelial,0.535,Plasma,0.499,False
NCI-N87,1,820,Epithelial,Epithelial,0.623,Plasma,0.604,False
NCI-N87,2,875,Epithelial,Epithelial,0.629,B,0.611,False
NCI-N87,3,570,Epithelial,Epithelial,0.497,Mast,0.483,False
NCI-N87,4,79,Epithelial,Epithelial,0.608,Fibroblast,0.57,False
NCI-N87,5,330,Epithelial,Epithelial,0.429,B,0.397,False
NUGC-4,0,944,Epithelial,Epithelial,0.518,Macrophage,0.317,False
NUGC-4,1,960,Epithelial,Epithelial,0.471,Macrophage,0.372,False
NUGC-4,2,346,Epithelial,Epithelial,0.478,Macrophage,0.326,False
NUGC-4,3,630,Epithelial,Epithelial,0.494,Macrophage,0.351,False
NUGC-4,4,297,Epithelial,Epithelial,0.539,Macrophage,0.245,False
NUGC-4,5,395,Epithelial,Epithelial,0.436,Macrophage,0.338,False
SNU-16_1,0,251,Epithelial,Epithelial,1.476,Endothelial,1.47,False
SNU-16_1,1,265,Epithelial,Epithelial,1.304,Endothelial,1.297,False
SNU-16_1,2,272,Epithelial,Epithelial,1.633,SmoothMuscle,1.627,False
SNU-16_1,3,141,Epithelial,Epithelial,1.385,Fibroblast,1.385,False
SNU-16_1,4,59,Epithelial,Epithelial,1.386,Endothelial,1.38,False
SNU-16_2,0,253,Epithelial,Epithelial,1.326,Endothelial,1.319,False
SNU-16_2,1,121,Epithelial,Epithelial,1.402,B,1.402,False
SNU-16_2,2,309,Epithelial,Epithelial,1.697,SmoothMuscle,1.695,False
SNU-16_2,3,246,Epithelial,Epithelial,1.444,Endothelial,1.442,False
SNU-16_2,4,107,Epithelial,Epithelial,1.501,Endothelial,1.486,False
SNU-601,0,1211,Epithelial,Epithelial,0.717,Macrophage,0.444,False
SNU-601,1,490,Epithelial,Epithelial,0.569,Macrophage,0.479,False
SNU-601,2,555,Epithelial,Epithelial,0.488,Endothelial,0.429,False
SNU-601,3,704,Epithelial,Epithelial,0.791,Plasma,0.59,False
SNU-601,4,607,Epithelial,Epithelial,0.675,Macrophage,0.508,False
SNU-601,5,1441,Epithelial,Epithelial,0.623,Plasma,0.469,False
SNU-638,0,423,Epithelial,Epithelial,1.095,B,1.096,False
SNU-638,1,353,Epithelial,Epithelial,1.028,B,1.029,False
SNU-638,2,123,Epithelial,Epithelial,1.17,Plasma,1.159,False
SNU-668,0,910,Epithelial,Epithelial,0.526,T/NK,0.382,False
SNU-668,1,1426,Epithelial,Epithelial,0.607,Fibroblast,0.526,False
SNU-668,2,394,Epithelial,Epithelial,0.574,Fibroblast,0.396,False
SNU-668,3,340,Epithelial,Epithelial,0.569,T/NK,0.492,False
SNU-668,4,925,Epithelial,Epithelial,0.573,T/NK,0.447,False
SNU-668,5,432,Epithelial,Epithelial,0.555,Macrophage,0.473,False
SNU-668,6,426,Epithelial,Epithelial,0.571,Plasma,0.485,False
SNU-668,7,56,Epithelial,Epithelial,0.449,T/NK,0.328,False
